{
  "project_info": {
    "project_number": "683566140714",
    "firebase_url": "https://quizproject-ff0e6.firebaseio.com",
    "project_id": "quizproject-ff0e6",
    "storage_bucket": "quizproject-ff0e6.appspot.com"
  },
  "client": [
    {
      "client_info": {
        "mobilesdk_app_id": "1:683566140714:android:7e176b5369fdfdd5",
        "android_client_info": {
          "package_name": "com.example.dragansmolcic.quizapp"
        }
      },
      "oauth_client": [
        {
          "client_id": "683566140714-is87vu8hk623ouofm16un55arsinajli.apps.googleusercontent.com",
          "client_type": 3
        }
      ],
      "api_key": [
        {
          "current_key": "AIzaSyDklCo1hhWXHiQx9J7uT5UF2608N1oRgEY"
        }
      ],
      "services": {
        "analytics_service": {
          "status": 1
        },
        "appinvite_service": {
          "status": 1,
          "other_platform_oauth_client": []
        },
        "ads_service": {
          "status": 2
        }
      }
    }
  ],
  "configuration_version": "1"
}